7/12/2016-0:36:32-te;1481085392813;;1-1.html;img-responsive 1-1-img1;;;
7/12/2016-0:36:34-te;1481085394814;;1-1.html;img-responsive 1-1-img1;;;
7/12/2016-0:36:36-te;1481085396815;;1-1.html;img-responsive 1-1-img1;;;
7/12/2016-0:36:38-te;1481085398815;;1-1.html;img-responsive 1-1-img1;;;
7/12/2016-0:36:40-te;1481085400816;;1-1.html;img-responsive 1-1-img1;;;
7/12/2016-0:36:44-te;1481085404173;;index.html;;;;
7/12/2016-0:36:44-te;1481085404790;click;index.html;item;a;233;585
7/12/2016-0:36:46-te;1481085406182;click;1-3.html;;h1;581;135
7/12/2016-0:36:46-te;1481085406382;click;1-3.html;;h1;581;135
7/12/2016-0:36:46-te;1481085406549;click;1-3.html;;h1;581;135
7/12/2016-0:36:46-te;1481085406717;click;1-3.html;;h1;581;135
7/12/2016-0:36:46-te;1481085406909;click;1-3.html;;h1;581;135
7/12/2016-0:36:48-te;1481085408910;;1-3.html;;;;
7/12/2016-0:36:50-te;1481085410910;;1-3.html;;;;
7/12/2016-0:36:52-te;1481085412911;;1-3.html;;;;
7/12/2016-0:36:53-te;1481085413006;click;1-3.html;;p;603;301
7/12/2016-0:36:53-te;1481085413181;click;1-3.html;;p;603;301
7/12/2016-0:36:53-te;1481085413349;click;1-3.html;;p;603;301
7/12/2016-0:36:53-te;1481085413541;click;1-3.html;;p;603;301
7/12/2016-0:36:55-te;1481085415542;;1-3.html;;;;
7/12/2016-0:36:57-te;1481085417542;;1-3.html;;;;
7/12/2016-0:36:59-te;1481085419543;;1-3.html;;;;
7/12/2016-0:37:1-te;1481085421544;;1-3.html;;;;
7/12/2016-0:37:3-te;1481085423545;;1-3.html;;;;
7/12/2016-0:37:5-te;1481085425546;;1-3.html;;;;
7/12/2016-0:37:6-te;1481085426749;click;1-3.html;;p;835;335
7/12/2016-0:37:6-te;1481085426926;click;1-3.html;;p;835;335
7/12/2016-0:37:7-te;1481085427118;click;1-3.html;;p;835;335
7/12/2016-0:37:7-te;1481085427293;click;1-3.html;;p;835;335
7/12/2016-0:37:7-te;1481085427461;click;1-3.html;;p;835;335
7/12/2016-0:37:7-te;1481085427653;click;1-3.html;;p;835;335
7/12/2016-0:37:7-te;1481085427829;click;1-3.html;;p;835;335
7/12/2016-0:37:9-te;1481085429830;;1-3.html;;;;
7/12/2016-0:37:11-te;1481085431831;;1-3.html;;;;
7/12/2016-0:37:13-te;1481085433831;;1-3.html;;;;
7/12/2016-0:37:15-te;1481085435832;;1-3.html;;;;
7/12/2016-0:37:17-te;1481085437833;;1-3.html;;;;
7/12/2016-0:37:19-te;1481085439835;;1-3.html;;;;
7/12/2016-0:37:21-te;1481085441834;;1-3.html;;;;
7/12/2016-0:37:23-te;1481085443835;;1-3.html;;;;
7/12/2016-0:37:25-te;1481085445836;;1-3.html;;;;
7/12/2016-0:37:27-te;1481085447836;;1-3.html;;;;
7/12/2016-0:37:30-te;1481085450929;;index.html;;;;
7/12/2016-0:37:32-te;1481085452930;;index.html;;;;
7/12/2016-0:37:34-te;1481085454374;click;index.html;item;a;184;787
7/12/2016-0:37:37-te;1481085457057;;questionario.html;Q:1:H:1-1;;;
7/12/2016-0:37:37-te;Broken1
7/12/2016-0:37:39-te;1481085459058;;questionario.html;Q:1:H:1-1;;;
7/12/2016-0:38:9-te;Broken1
7/12/2016-0:38:9-te;1481085461059;;questionario.html;Q:1:H:1-1;;;
7/12/2016-0:38:9-te;Broken1
7/12/2016-0:38:9-te;1481085463059;;questionario.html;Q:1:H:1-1;;;
7/12/2016-0:38:17-te;Broken2
7/12/2016-0:38:22-te;1481085502670;;questionario.html;Q:1:H:1-1:B;;;
7/12/2016-0:38:22-te;Broken1
7/12/2016-0:38:24-te;1481085504671;;questionario.html;Q:1:H:1-1:B;;;
7/12/2016-0:38:32-te;Broken2
7/12/2016-0:39:49-te;1481085589843;;questionario.html;Q:1:H:1-1:D;;;
7/12/2016-0:39:49-te;Broken1
7/12/2016-0:39:51-te;1481085591843;;questionario.html;Q:1:H:1-1:D;;;
7/12/2016-0:40:22-te;Broken1
7/12/2016-0:40:22-te;1481085593844;;questionario.html;Q:1:H:1-1:D;;;
7/12/2016-0:40:22-te;[u'te;1481085593844;0;Q:1:H:1-1:D']
7/12/2016-0:40:22-te;Broken1
7/12/2016-0:40:22-te;1481085595845;;questionario.html;Q:1:H:1-1:D;;;
7/12/2016-0:40:22-te;[u'te;1481085593844;2001;Q:1:H:1-1:D']
7/12/2016-0:40:22-te;Broken1
7/12/2016-0:40:22-te;1481085597846;;questionario.html;Q:1:H:1-1:D;;;
7/12/2016-0:40:22-te;[u'te;1481085593844;4002;Q:1:H:1-1:D']
7/12/2016-0:40:22-te;Broken1
7/12/2016-0:40:22-te;1481085599846;;questionario.html;Q:1:H:1-1:D;;;
7/12/2016-0:40:22-te;[u'te;1481085593844;6002;Q:1:H:1-1:D']
7/12/2016-0:40:22-te;Broken1
7/12/2016-0:40:22-te;1481085601847;;questionario.html;Q:1:H:1-1:D;;;
7/12/2016-0:40:22-te;[u'te;1481085593844;8003;Q:1:H:1-1:D']
7/12/2016-0:40:22-te;Broken1
7/12/2016-0:40:22-te;1481085603848;;questionario.html;Q:1:H:1-1:D;;;
7/12/2016-0:40:22-te;[u'te;1481085593844;10004;Q:1:H:1-1:D']
7/12/2016-0:40:22-te;Broken1
7/12/2016-0:40:22-te;1481085605849;;questionario.html;Q:1:H:1-1:D;;;
7/12/2016-0:40:22-te;[u'te;1481085593844;12005;Q:1:H:1-1:D']
7/12/2016-0:40:22-te;Broken1
7/12/2016-0:40:22-te;1481085607849;;questionario.html;Q:1:H:1-1:D;;;
7/12/2016-0:40:22-te;[u'te;1481085593844;14005;Q:1:H:1-1:D']
7/12/2016-0:40:22-te;Broken1
7/12/2016-0:40:22-te;1481085609850;;questionario.html;Q:1:H:1-1:D;;;
7/12/2016-0:40:22-te;[u'te;1481085593844;16006;Q:1:H:1-1:D']
7/12/2016-0:40:22-te;Broken1
7/12/2016-0:40:22-te;1481085611851;;questionario.html;Q:1:H:1-1:D;;;
7/12/2016-0:40:22-te;[u'te;1481085593844;18007;Q:1:H:1-1:D']
7/12/2016-0:40:22-te;Broken1
7/12/2016-0:40:22-te;1481085613851;;questionario.html;Q:1:H:1-1:D;;;
7/12/2016-0:40:22-te;[u'te;1481085593844;20007;Q:1:H:1-1:D']
7/12/2016-0:40:22-te;Broken1
7/12/2016-0:40:22-te;1481085615852;;questionario.html;Q:1:H:1-1:D;;;
7/12/2016-0:40:22-te;[u'te;1481085593844;22008;Q:1:H:1-1:D']
7/12/2016-0:40:22-te;Broken1
7/12/2016-0:40:22-te;1481085617853;;questionario.html;Q:1:H:1-1:D;;;
7/12/2016-0:40:22-te;[u'te;1481085593844;24009;Q:1:H:1-1:D']
7/12/2016-0:40:22-te;Broken1
7/12/2016-0:40:22-te;1481085619853;;questionario.html;Q:1:H:1-1:D;;;
7/12/2016-0:40:22-te;[u'te;1481085593844;26009;Q:1:H:1-1:D']
7/12/2016-0:40:22-te;Broken1
7/12/2016-0:40:22-te;1481085621854;;questionario.html;Q:1:H:1-1:D;;;
7/12/2016-0:40:22-te;[u'te;1481085593844;28010;Q:1:H:1-1:D']
7/12/2016-0:40:22-te;Broken1
7/12/2016-0:40:23-te;1481085623854;;questionario.html;Q:1:H:1-1:D;;;
7/12/2016-0:40:23-te;[u'te;1481085593844;30010;Q:1:H:1-1:D']
7/12/2016-0:40:23-te;Broken1
7/12/2016-0:40:25-te;1481085625855;;questionario.html;Q:1:H:1-1:D;;;
7/12/2016-0:40:25-te;[u'te;1481085593844;32011;Q:1:H:1-1:D']
7/12/2016-0:40:25-te;Broken1
7/12/2016-0:40:29-te;1481085629856;;questionario.html;Q:1:H:1-1:D;;;
7/12/2016-0:40:29-te;[u'te;1481085629856;0;Q:1:H:1-1:D']
7/12/2016-0:40:29-te;Broken1
7/12/2016-0:40:31-te;1481085631856;;questionario.html;Q:1:H:1-1:D;;;
7/12/2016-0:40:31-te;[u'te;1481085629856;2000;Q:1:H:1-1:D']
7/12/2016-0:40:31-te;Broken1
7/12/2016-0:40:33-te;1481085633857;;questionario.html;Q:1:H:1-1:D;;;
7/12/2016-0:40:33-te;[u'te;1481085629856;4001;Q:1:H:1-1:D']
7/12/2016-0:40:33-te;Broken1
7/12/2016-0:42:33-te;1481085753901;;questionario.html;Q:1:H:1-1:D;;;
7/12/2016-0:42:33-te;[u'te;1481085753901;0;Q:1:H:1-1:D']
7/12/2016-0:42:33-te;Broken1
7/12/2016-0:42:34-te;1481085754257;click;questionario.html;;body;249;626
7/12/2016-0:42:36-te;1481085756257;;questionario.html;Q:1:H:1-1;;;
7/12/2016-0:42:36-te;[u'te;1481085753901;2356;Q:1:H:1-1']
7/12/2016-0:42:36-te;Broken1
7/12/2016-0:42:38-te;1481085758258;;questionario.html;Q:1:H:1-1;;;
7/12/2016-0:42:38-te;[u'te;1481085753901;4357;Q:1:H:1-1']
7/12/2016-0:42:38-te;Broken1
7/12/2016-0:42:40-te;1481085760259;;questionario.html;Q:1:H:1-1;;;
7/12/2016-0:42:40-te;[u'te;1481085753901;6358;Q:1:H:1-1']
7/12/2016-0:42:40-te;Broken1
7/12/2016-0:42:42-te;1481085762259;;questionario.html;Q:1:H:1-1;;;
7/12/2016-0:42:42-te;[u'te;1481085753901;8358;Q:1:H:1-1']
7/12/2016-0:42:42-te;Broken1
7/12/2016-0:43:28-te;1481085808275;;questionario.html;Q:1:H:1-1;;;
7/12/2016-0:43:28-te;[u'te;1481085808275;0;Q:1:H:1-1']
7/12/2016-0:43:28-te;Broken1
7/12/2016-0:43:30-te;1481085810276;;questionario.html;Q:1:H:1-1;;;
7/12/2016-0:43:30-te;[u'te;1481085808275;2001;Q:1:H:1-1']
7/12/2016-0:43:30-te;Broken1
7/12/2016-0:43:32-te;1481085812276;;questionario.html;Q:1:H:1-1;;;
7/12/2016-0:43:32-te;[u'te;1481085808275;4001;Q:1:H:1-1']
7/12/2016-0:43:32-te;Broken1
7/12/2016-0:44:32-te;1481085872296;;questionario.html;Q:1:H:1-1;;;
7/12/2016-0:44:32-te;[u'te;1481085872296;0;Q:1:H:1-1']
7/12/2016-0:44:32-te;Broken1
7/12/2016-0:44:34-te;1481085874297;;questionario.html;Q:1:H:1-1;;;
7/12/2016-0:44:34-te;[u'te;1481085872296;2001;Q:1:H:1-1']
7/12/2016-0:44:34-te;Broken1
7/12/2016-0:44:36-te;1481085876298;;questionario.html;Q:1:H:1-1;;;
7/12/2016-0:44:36-te;[u'te;1481085872296;4002;Q:1:H:1-1']
7/12/2016-0:44:36-te;Broken1
7/12/2016-0:47:54-te;1481086074360;;questionario.html;Q:1:H:1-1;;;
7/12/2016-0:47:54-te;[u'te;1481086074360;0;Q:1:H:1-1']
7/12/2016-0:47:54-te;Broken1
7/12/2016-0:47:56-te;1481086076361;;questionario.html;Q:1:H:1-1;;;
7/12/2016-0:47:56-te;[u'te;1481086074360;2001;Q:1:H:1-1']
7/12/2016-0:47:56-te;Broken1
7/12/2016-0:47:58-te;1481086078361;;questionario.html;Q:1:H:1-1;;;
7/12/2016-0:47:58-te;[u'te;1481086074360;4001;Q:1:H:1-1']
7/12/2016-0:47:58-te;Broken1
7/12/2016-0:48:0-te;1481086080362;;questionario.html;Q:1:H:1-1;;;
7/12/2016-0:48:0-te;[u'te;1481086074360;6002;Q:1:H:1-1']
7/12/2016-0:48:0-te;Broken1
7/12/2016-0:48:2-te;1481086082363;;questionario.html;Q:1:H:1-1;;;
7/12/2016-0:48:2-te;[u'te;1481086074360;8003;Q:1:H:1-1']
7/12/2016-0:48:2-te;Broken1
7/12/2016-0:48:4-te;1481086084363;;questionario.html;Q:1:H:1-1;;;
7/12/2016-0:48:4-te;[u'te;1481086074360;10003;Q:1:H:1-1']
7/12/2016-0:48:4-te;Broken1
7/12/2016-0:48:6-te;1481086086364;;questionario.html;Q:1:H:1-1;;;
7/12/2016-0:48:6-te;[u'te;1481086074360;12004;Q:1:H:1-1']
7/12/2016-0:48:6-te;Broken1
7/12/2016-0:48:8-te;1481086088365;;questionario.html;Q:1:H:1-1;;;
7/12/2016-0:48:8-te;[u'te;1481086074360;14005;Q:1:H:1-1']
7/12/2016-0:48:8-te;Broken1
7/12/2016-0:50:2-te;1481086202408;;questionario.html;Q:1:H:1-1;;;
7/12/2016-0:50:2-te;[u'te;1481086202408;0;Q:1:H:1-1']
7/12/2016-0:50:2-te;Broken1
7/12/2016-0:50:4-te;1481086204408;;questionario.html;Q:1:H:1-1;;;
7/12/2016-0:50:4-te;[u'te;1481086202408;2000;Q:1:H:1-1']
7/12/2016-0:50:4-te;Broken1
7/12/2016-0:50:42-te;1481086242423;;questionario.html;Q:1:H:1-1;;;
7/12/2016-0:50:42-te;[u'te;1481086242423;0;Q:1:H:1-1']
ok
7/12/2016-0:50:44-te;1481086244424;;questionario.html;Q:1:H:1-1;;;
7/12/2016-0:50:44-te;[u'te;1481086242423;2001;Q:1:H:1-1']
ok
7/12/2016-0:50:46-te;1481086246425;;questionario.html;Q:1:H:1-1;;;
7/12/2016-0:50:46-te;[u'te;1481086242423;4002;Q:1:H:1-1']
ok
7/12/2016-0:51:50-te;1481086310446;;questionario.html;Q:1:H:1-1;;;
7/12/2016-0:51:50-te;[u'te;1481086310446;0;Q:1:H:1-1']
7/12/2016-0:51:50-Recomendacao(SENT): Q1-hard;Questions (SENT): Q1-hard,Q2-hard,Q3-hard
7/12/2016-0:51:52-te;1481086312447;;questionario.html;Q:1:H:1-1;;;
7/12/2016-0:51:52-te;[u'te;1481086310446;2001;Q:1:H:1-1']
7/12/2016-0:51:52-Recomendacao(SENT): Q1-hard;Questions (SENT): Q1-hard,Q2-hard,Q3-hard
7/12/2016-0:51:54-te;1481086314448;;questionario.html;Q:1:H:1-1;;;
7/12/2016-0:51:54-te;[u'te;1481086310446;4002;Q:1:H:1-1']
7/12/2016-0:51:54-Recomendacao(SENT): Q1-hard;Questions (SENT): Q1-hard,Q2-hard,Q3-hard
7/12/2016-0:51:56-te;1481086316449;;questionario.html;Q:1:H:1-1;;;
7/12/2016-0:51:56-te;[u'te;1481086310446;6003;Q:1:H:1-1']
7/12/2016-0:51:56-Recomendacao(SENT): Q1-hard;Questions (SENT): Q1-hard,Q2-hard,Q3-hard
7/12/2016-0:51:58-te;1481086318449;;questionario.html;Q:1:H:1-1;;;
7/12/2016-0:51:58-te;[u'te;1481086310446;8003;Q:1:H:1-1']
7/12/2016-0:51:58-Recomendacao(SENT): Q1-hard;Questions (SENT): Q1-hard,Q2-hard,Q3-hard
7/12/2016-0:52:0-te;1481086320450;;questionario.html;Q:1:H:1-1;;;
7/12/2016-0:52:0-te;[u'te;1481086310446;10004;Q:1:H:1-1']
7/12/2016-0:52:0-Recomendacao(SENT): Q1-hard;Questions (SENT): Q1-hard,Q2-hard,Q3-hard
7/12/2016-0:52:2-te;1481086322451;;questionario.html;Q:1:H:1-1;;;
7/12/2016-0:52:2-te;[u'te;1481086310446;12005;Q:1:H:1-1']
7/12/2016-0:52:2-Recomendacao(SENT): Q1-hard;Questions (SENT): Q1-hard,Q2-hard,Q3-hard
7/12/2016-0:52:4-te;1481086324452;;questionario.html;Q:1:H:1-1;;;
7/12/2016-0:52:4-te;[u'te;1481086310446;14006;Q:1:H:1-1']
7/12/2016-0:52:4-Recomendacao(SENT): Q1-hard;Questions (SENT): Q1-hard,Q2-hard,Q3-hard
7/12/2016-0:52:6-te;1481086326452;;questionario.html;Q:1:H:1-1;;;
7/12/2016-0:52:6-te;[u'te;1481086310446;16006;Q:1:H:1-1']
7/12/2016-0:52:6-Recomendacao(SENT): Q1-hard;Questions (SENT): Q1-hard,Q2-hard,Q3-hard
7/12/2016-0:52:8-te;1481086328453;;questionario.html;Q:1:H:1-1;;;
7/12/2016-0:52:8-te;[u'te;1481086310446;18007;Q:1:H:1-1']
7/12/2016-0:52:8-Recomendacao(SENT): Q1-hard;Questions (SENT): Q1-hard,Q2-hard,Q3-hard
7/12/2016-0:52:10-te;1481086330454;;questionario.html;Q:1:H:1-1;;;
7/12/2016-0:52:10-te;[u'te;1481086310446;20008;Q:1:H:1-1']
7/12/2016-0:52:10-Recomendacao(SENT): Q1-hard;Questions (SENT): Q1-hard,Q2-hard,Q3-hard
7/12/2016-0:52:12-te;1481086332454;;questionario.html;Q:1:H:1-1;;;
7/12/2016-0:52:12-te;[u'te;1481086310446;22008;Q:1:H:1-1']
7/12/2016-0:52:12-Recomendacao(SENT): Q1-hard;Questions (SENT): Q1-hard,Q2-hard,Q3-hard
7/12/2016-0:52:14-te;1481086334455;;questionario.html;Q:1:H:1-1;;;
7/12/2016-0:52:14-te;[u'te;1481086310446;24009;Q:1:H:1-1']
7/12/2016-0:52:14-Recomendacao(SENT): Q1-hard;Questions (SENT): Q1-hard,Q2-hard,Q3-hard
7/12/2016-0:52:16-te;1481086336456;;questionario.html;Q:1:H:1-1;;;
7/12/2016-0:52:16-te;[u'te;1481086310446;26010;Q:1:H:1-1']
7/12/2016-0:52:16-Recomendacao(SENT): Q1-hard;Questions (SENT): Q1-hard,Q2-hard,Q3-hard
7/12/2016-0:52:18-te;1481086338457;;questionario.html;Q:1:H:1-1;;;
7/12/2016-0:52:18-te;[u'te;1481086310446;28011;Q:1:H:1-1']
7/12/2016-0:52:18-Recomendacao(SENT): Q1-hard;Questions (SENT): Q1-hard,Q2-hard,Q3-hard
7/12/2016-0:52:20-te;1481086340458;;questionario.html;Q:1:H:1-1;;;
7/12/2016-0:52:20-te;[u'te;1481086310446;30012;Q:1:H:1-1']
7/12/2016-0:52:20-Recomendacao(SENT): Q1-hard;Questions (SENT): Q1-hard,Q2-hard,Q3-hard
7/12/2016-0:52:24-te;1481086344459;;questionario.html;Q:1:H:1-1;;;
7/12/2016-0:52:24-te;[u'te;1481086344459;0;Q:1:H:1-1']
7/12/2016-0:52:24-te;Recomendacao(SENT): Q1-hard;Questions (SENT): Q1-hard,Q2-hard,Q3-hard
7/12/2016-0:52:26-te;1481086346460;;questionario.html;Q:1:H:1-1;;;
7/12/2016-0:52:26-te;[u'te;1481086344459;2001;Q:1:H:1-1']
7/12/2016-0:52:26-te;Recomendacao(SENT): Q1-hard;Questions (SENT): Q1-hard,Q2-hard,Q3-hard
7/12/2016-0:52:28-te;1481086348461;;questionario.html;Q:1:H:1-1;;;
7/12/2016-0:52:28-te;[u'te;1481086344459;4002;Q:1:H:1-1']
7/12/2016-0:52:28-te;Recomendacao(SENT): Q1-hard;Questions (SENT): Q1-hard,Q2-hard,Q3-hard
7/12/2016-0:52:30-te;1481086350461;;questionario.html;Q:1:H:1-1;;;
7/12/2016-0:52:30-te;[u'te;1481086344459;6002;Q:1:H:1-1']
7/12/2016-0:52:30-te;Recomendacao(SENT): Q1-hard;Questions (SENT): Q1-hard,Q2-hard,Q3-hard
7/12/2016-0:52:32-te;1481086352462;;questionario.html;Q:1:H:1-1;;;
7/12/2016-0:52:32-te;[u'te;1481086344459;8003;Q:1:H:1-1']
7/12/2016-0:52:32-te;Recomendacao(SENT): Q1-hard;Questions (SENT): Q1-hard,Q2-hard,Q3-hard
7/12/2016-0:52:34-te;1481086354463;;questionario.html;Q:1:H:1-1;;;
7/12/2016-0:52:34-te;[u'te;1481086344459;10004;Q:1:H:1-1']
7/12/2016-0:52:34-te;Recomendacao(SENT): Q1-hard;Questions (SENT): Q1-hard,Q2-hard,Q3-hard
7/12/2016-0:52:36-te;1481086356464;;questionario.html;Q:1:H:1-1;;;
7/12/2016-0:52:36-te;[u'te;1481086344459;12005;Q:1:H:1-1']
7/12/2016-0:52:36-te;Recomendacao(SENT): Q1-hard;Questions (SENT): Q1-hard,Q2-hard,Q3-hard
7/12/2016-0:52:38-te;1481086358464;;questionario.html;Q:1:H:1-1;;;
7/12/2016-0:52:38-te;[u'te;1481086344459;14005;Q:1:H:1-1']
7/12/2016-0:52:38-te;Recomendacao(SENT): Q1-hard;Questions (SENT): Q1-hard,Q2-hard,Q3-hard
7/12/2016-0:52:40-te;1481086360465;;questionario.html;Q:1:H:1-1;;;
7/12/2016-0:52:40-te;[u'te;1481086344459;16006;Q:1:H:1-1']
7/12/2016-0:52:40-te;Recomendacao(SENT): Q1-hard;Questions (SENT): Q1-hard,Q2-hard,Q3-hard
7/12/2016-0:52:42-te;1481086362466;;questionario.html;Q:1:H:1-1;;;
7/12/2016-0:52:42-te;[u'te;1481086344459;18007;Q:1:H:1-1']
7/12/2016-0:52:42-te;Recomendacao(SENT): Q1-hard;Questions (SENT): Q1-hard,Q2-hard,Q3-hard
7/12/2016-0:52:44-te;1481086364466;;questionario.html;Q:1:H:1-1;;;
7/12/2016-0:52:44-te;[u'te;1481086344459;20007;Q:1:H:1-1']
7/12/2016-0:52:44-te;Recomendacao(SENT): Q1-hard;Questions (SENT): Q1-hard,Q2-hard,Q3-hard
7/12/2016-0:52:46-te;1481086366467;;questionario.html;Q:1:H:1-1;;;
7/12/2016-0:52:46-te;[u'te;1481086344459;22008;Q:1:H:1-1']
7/12/2016-0:52:46-te;Recomendacao(SENT): Q1-hard;Questions (SENT): Q1-hard,Q2-hard,Q3-hard
7/12/2016-0:52:48-te;1481086368467;;questionario.html;Q:1:H:1-1;;;
7/12/2016-0:52:48-te;[u'te;1481086344459;24008;Q:1:H:1-1']
7/12/2016-0:52:48-te;Recomendacao(SENT): Q1-hard;Questions (SENT): Q1-hard,Q2-hard,Q3-hard
7/12/2016-0:52:50-te;1481086370469;;questionario.html;Q:1:H:1-1;;;
7/12/2016-0:52:50-te;[u'te;1481086344459;26010;Q:1:H:1-1']
7/12/2016-0:52:50-te;Recomendacao(SENT): Q1-hard;Questions (SENT): Q1-hard,Q2-hard,Q3-hard
7/12/2016-0:52:52-te;1481086372469;;questionario.html;Q:1:H:1-1;;;
7/12/2016-0:52:52-te;[u'te;1481086344459;28010;Q:1:H:1-1']
7/12/2016-0:52:52-te;Recomendacao(SENT): Q1-hard;Questions (SENT): Q1-hard,Q2-hard,Q3-hard
7/12/2016-0:52:54-te;1481086374470;;questionario.html;Q:1:H:1-1;;;
7/12/2016-0:52:54-te;[u'te;1481086344459;30011;Q:1:H:1-1']
7/12/2016-0:52:54-te;Recomendacao(SENT): Q1-hard;Questions (SENT): Q1-hard,Q2-hard,Q3-hard
7/12/2016-0:52:56-te;1481086376471;;questionario.html;Q:1:H:1-1;;;
7/12/2016-0:52:56-te;[u'te;1481086344459;32012;Q:1:H:1-1']
7/12/2016-0:52:56-te;Recomendacao(SENT): Q1-hard;Questions (SENT): Q1-hard,Q2-hard,Q3-hard
7/12/2016-0:52:58-te;1481086378471;;questionario.html;Q:1:H:1-1;;;
7/12/2016-0:52:58-te;[u'te;1481086344459;34012;Q:1:H:1-1']
7/12/2016-0:52:58-te;Recomendacao(SENT): Q1-hard;Questions (SENT): Q1-hard,Q2-hard,Q3-hard
7/12/2016-0:53:0-te;1481086380471;;questionario.html;Q:1:H:1-1;;;
7/12/2016-0:53:0-te;[u'te;1481086344459;36012;Q:1:H:1-1']
7/12/2016-0:53:0-te;Recomendacao(SENT): Q1-hard;Questions (SENT): Q1-hard,Q2-hard,Q3-hard
7/12/2016-0:53:2-te;1481086382472;;questionario.html;Q:1:H:1-1;;;
7/12/2016-0:53:2-te;[u'te;1481086344459;38013;Q:1:H:1-1']
7/12/2016-0:53:2-te;Recomendacao(SENT): Q1-hard;Questions (SENT): Q1-hard,Q2-hard,Q3-hard
7/12/2016-0:53:4-te;1481086384472;;questionario.html;Q:1:H:1-1;;;
7/12/2016-0:53:4-te;[u'te;1481086344459;40013;Q:1:H:1-1']
7/12/2016-0:53:4-te;Recomendacao(SENT): Q1-hard;Questions (SENT): Q1-hard,Q2-hard,Q3-hard
7/12/2016-0:53:6-te;1481086386472;;questionario.html;Q:1:H:1-1;;;
7/12/2016-0:53:6-te;[u'te;1481086344459;42013;Q:1:H:1-1']
7/12/2016-0:53:6-te;Recomendacao(SENT): Q1-hard;Questions (SENT): Q1-hard,Q2-hard,Q3-hard
7/12/2016-0:53:8-te;1481086388473;;questionario.html;Q:1:H:1-1;;;
7/12/2016-0:53:8-te;[u'te;1481086344459;44014;Q:1:H:1-1']
7/12/2016-0:53:8-te;Recomendacao(SENT): Q1-hard;Questions (SENT): Q1-hard,Q2-hard,Q3-hard
7/12/2016-0:53:10-te;1481086390474;;questionario.html;Q:1:H:1-1;;;
7/12/2016-0:53:10-te;[u'te;1481086344459;46015;Q:1:H:1-1']
7/12/2016-0:53:10-te;Recomendacao(SENT): Q1-hard;Questions (SENT): Q1-hard,Q2-hard,Q3-hard
7/12/2016-0:53:12-te;1481086392476;;questionario.html;Q:1:H:1-1;;;
7/12/2016-0:53:12-te;[u'te;1481086344459;48017;Q:1:H:1-1']
7/12/2016-0:53:12-te;Recomendacao(SENT): Q1-hard;Questions (SENT): Q1-hard,Q2-hard,Q3-hard
7/12/2016-0:53:14-te;1481086394475;;questionario.html;Q:1:H:1-1;;;
7/12/2016-0:53:14-te;[u'te;1481086344459;50016;Q:1:H:1-1']
7/12/2016-0:53:14-te;Recomendacao(SENT): Q1-hard;Questions (SENT): Q1-hard,Q2-hard,Q3-hard
7/12/2016-0:53:16-te;1481086396476;;questionario.html;Q:1:H:1-1;;;
7/12/2016-0:53:16-te;[u'te;1481086344459;52017;Q:1:H:1-1']
7/12/2016-0:53:16-te;Recomendacao(SENT): Q1-hard;Questions (SENT): Q1-hard,Q2-hard,Q3-hard
7/12/2016-0:53:18-te;1481086398477;;questionario.html;Q:1:H:1-1;;;
7/12/2016-0:53:18-te;[u'te;1481086344459;54018;Q:1:H:1-1']
7/12/2016-0:53:18-te;Recomendacao(SENT): Q1-hard;Questions (SENT): Q1-hard,Q2-hard,Q3-hard
7/12/2016-0:53:20-te;1481086400478;;questionario.html;Q:1:H:1-1;;;
7/12/2016-0:53:20-te;[u'te;1481086344459;56019;Q:1:H:1-1']
7/12/2016-0:53:20-te;Recomendacao(SENT): Q1-hard;Questions (SENT): Q1-hard,Q2-hard,Q3-hard
7/12/2016-0:53:22-te;1481086402478;;questionario.html;Q:1:H:1-1;;;
7/12/2016-0:53:22-te;[u'te;1481086344459;58019;Q:1:H:1-1']
7/12/2016-0:53:22-te;Recomendacao(SENT): Q1-hard;Questions (SENT): Q1-hard,Q2-hard,Q3-hard
7/12/2016-0:53:24-te;1481086404478;;questionario.html;Q:1:H:1-1;;;
7/12/2016-0:53:24-te;[u'te;1481086344459;60019;Q:1:H:1-1']
7/12/2016-0:53:24-te;D1-hard;
7/12/2016-0:53:24-te;Recomendacao(SENT): D1-hard;;Questions (SENT): Q1-hard,Q2-hard,Q3-hard
7/12/2016-0:53:26-te;1481086406479;;questionario.html;Q:1:H:1-1;;;
7/12/2016-0:53:26-te;[u'te;1481086344459;62020;Q:1:H:1-1']
7/12/2016-0:53:26-te;D1-hard;
7/12/2016-0:53:26-te;Recomendacao(SENT): D1-hard;;Questions (SENT): Q1-hard,Q2-hard,Q3-hard
7/12/2016-0:53:28-te;1481086408480;;questionario.html;Q:1:H:1-1;;;
7/12/2016-0:53:28-te;[u'te;1481086344459;64021;Q:1:H:1-1']
7/12/2016-0:53:28-te;D1-hard;
7/12/2016-0:53:28-te;Recomendacao(SENT): D1-hard;;Questions (SENT): Q1-hard,Q2-hard,Q3-hard
7/12/2016-0:53:30-te;1481086410480;;questionario.html;Q:1:H:1-1;;;
7/12/2016-0:53:30-te;[u'te;1481086344459;66021;Q:1:H:1-1']
7/12/2016-0:53:30-te;D1-hard;
7/12/2016-0:53:30-te;Recomendacao(SENT): D1-hard;;Questions (SENT): Q1-hard,Q2-hard,Q3-hard
7/12/2016-0:53:32-te;1481086412481;;questionario.html;Q:1:H:1-1;;;
7/12/2016-0:53:32-te;[u'te;1481086344459;68022;Q:1:H:1-1']
7/12/2016-0:53:32-te;D1-hard;C1-hard;
7/12/2016-0:53:32-te;Recomendacao(SENT): D1-hard;C1-hard;;Questions (SENT): Q1-hard,Q2-hard,Q3-hard
7/12/2016-0:53:34-te;1481086414482;;questionario.html;Q:1:H:1-1;;;
7/12/2016-0:53:34-te;[u'te;1481086344459;70023;Q:1:H:1-1']
7/12/2016-0:53:34-te;D1-hard;C1-hard;
7/12/2016-0:53:34-te;Recomendacao(SENT): D1-hard;C1-hard;;Questions (SENT): Q1-hard,Q2-hard,Q3-hard
7/12/2016-0:53:36-te;1481086416482;;questionario.html;Q:1:H:1-1;;;
7/12/2016-0:53:36-te;[u'te;1481086344459;72023;Q:1:H:1-1']
7/12/2016-0:53:36-te;D1-hard;C1-hard;
7/12/2016-0:53:36-te;Recomendacao(SENT): D1-hard;C1-hard;;Questions (SENT): Q1-hard,Q2-hard,Q3-hard
7/12/2016-0:53:38-te;1481086418483;;questionario.html;Q:1:H:1-1;;;
7/12/2016-0:53:38-te;[u'te;1481086344459;74024;Q:1:H:1-1']
7/12/2016-0:53:38-te;D1-hard;C1-hard;
7/12/2016-0:53:38-te;Recomendacao(SENT): D1-hard;C1-hard;;Questions (SENT): Q1-hard,Q2-hard,Q3-hard
7/12/2016-0:53:40-te;1481086420484;;questionario.html;Q:1:H:1-1;;;
7/12/2016-0:53:40-te;[u'te;1481086344459;76025;Q:1:H:1-1']
7/12/2016-0:53:40-te;D1-hard;C1-hard;Q1-easy;
7/12/2016-0:53:40-te;Recomendacao(SENT): D1-hard;C1-hard;Q1-easy;;Questions (SENT): Q1-hard,Q2-hard,Q3-hard
7/12/2016-0:53:42-te;1481086422484;;questionario.html;Q:1:H:1-1;;;
7/12/2016-0:53:42-te;[u'te;1481086344459;78025;Q:1:H:1-1']
7/12/2016-0:53:42-te;D1-hard;C1-hard;Q1-easy;
7/12/2016-0:53:42-te;Recomendacao(SENT): D1-hard;C1-hard;Q1-easy;;Questions (SENT): Q1-hard,Q2-hard,Q3-hard
7/12/2016-0:53:44-te;1481086424485;;questionario.html;Q:1:H:1-1;;;
7/12/2016-0:53:44-te;[u'te;1481086344459;80026;Q:1:H:1-1']
7/12/2016-0:53:44-te;D1-hard;C1-hard;Q1-easy;
7/12/2016-0:53:44-te;Recomendacao(SENT): D1-hard;C1-hard;Q1-easy;;Questions (SENT): Q1-hard,Q2-hard,Q3-hard
7/12/2016-0:53:46-te;1481086426486;;questionario.html;Q:1:H:1-1;;;
7/12/2016-0:53:46-te;[u'te;1481086344459;82027;Q:1:H:1-1']
7/12/2016-0:53:46-te;D1-hard;C1-hard;Q1-easy;
7/12/2016-0:53:46-te;Recomendacao(SENT): D1-hard;C1-hard;Q1-easy;;Questions (SENT): Q1-hard,Q2-hard,Q3-hard
7/12/2016-0:53:48-te;1481086428487;;questionario.html;Q:1:H:1-1;;;
7/12/2016-0:53:48-te;[u'te;1481086344459;84028;Q:1:H:1-1']
7/12/2016-0:53:48-te;D1-hard;C1-hard;Q1-easy;
7/12/2016-0:53:48-te;Recomendacao(SENT): D1-hard;C1-hard;Q1-easy;;Questions (SENT): Q1-hard,Q2-hard,Q3-hard
7/12/2016-0:53:50-te;1481086430487;;questionario.html;Q:1:H:1-1;;;
7/12/2016-0:53:50-te;[u'te;1481086344459;86028;Q:1:H:1-1']
7/12/2016-0:53:50-te;D1-hard;C1-hard;Q1-easy;
7/12/2016-0:53:50-te;Recomendacao(SENT): D1-hard;C1-hard;Q1-easy;;Questions (SENT): Q1-hard,Q2-hard,Q3-hard
7/12/2016-0:53:52-te;1481086432488;;questionario.html;Q:1:H:1-1;;;
7/12/2016-0:53:52-te;[u'te;1481086344459;88029;Q:1:H:1-1']
7/12/2016-0:53:52-te;D1-hard;C1-hard;Q1-easy;
7/12/2016-0:53:52-te;Recomendacao(SENT): D1-hard;C1-hard;Q1-easy;;Questions (SENT): Q1-hard,Q2-hard,Q3-hard
7/12/2016-0:53:54-te;1481086434489;;questionario.html;Q:1:H:1-1;;;
7/12/2016-0:53:54-te;[u'te;1481086344459;90030;Q:1:H:1-1']
7/12/2016-0:53:54-te;D1-hard;C1-hard;Q1-easy;
7/12/2016-0:53:54-te;Recomendacao(SENT): D1-hard;C1-hard;Q1-easy;;Questions (SENT): Q1-hard,Q2-hard,Q3-hard
7/12/2016-0:53:56-te;1481086436490;;questionario.html;Q:1:H:1-1;;;
7/12/2016-0:53:56-te;[u'te;1481086344459;92031;Q:1:H:1-1']
7/12/2016-0:53:56-te;D1-hard;C1-hard;Q1-easy;
7/12/2016-0:53:56-te;Recomendacao(SENT): D1-hard;C1-hard;Q1-easy;;Questions (SENT): Q1-hard,Q2-hard,Q3-hard
7/12/2016-0:53:58-te;1481086438491;;questionario.html;Q:1:H:1-1;;;
7/12/2016-0:53:58-te;[u'te;1481086344459;94032;Q:1:H:1-1']
7/12/2016-0:53:58-te;D1-hard;C1-hard;Q1-easy;
7/12/2016-0:53:58-te;Recomendacao(SENT): D1-hard;C1-hard;Q1-easy;;Questions (SENT): Q1-hard,Q2-hard,Q3-hard
7/12/2016-0:54:0-te;1481086440491;;questionario.html;Q:1:H:1-1;;;
7/12/2016-0:54:0-te;[u'te;1481086344459;96032;Q:1:H:1-1']
7/12/2016-0:54:0-te;D1-hard;C1-hard;Q1-easy;
7/12/2016-0:54:0-te;Recomendacao(SENT): D1-hard;C1-hard;Q1-easy;;Questions (SENT): Q1-hard,Q2-hard,Q3-hard
7/12/2016-0:54:2-te;1481086442492;;questionario.html;Q:1:H:1-1;;;
7/12/2016-0:54:2-te;[u'te;1481086344459;98033;Q:1:H:1-1']
7/12/2016-0:54:2-te;D1-hard;C1-hard;Q1-easy;
7/12/2016-0:54:2-te;Recomendacao(SENT): D1-hard;C1-hard;Q1-easy;;Questions (SENT): Q1-hard,Q2-hard,Q3-hard
7/12/2016-0:54:4-te;1481086444493;;questionario.html;Q:1:H:1-1;;;
7/12/2016-0:54:4-te;[u'te;1481086344459;100034;Q:1:H:1-1']
7/12/2016-0:54:4-te;D1-hard;C1-hard;Q1-easy;
7/12/2016-0:54:4-te;Recomendacao(SENT): D1-hard;C1-hard;Q1-easy;;Questions (SENT): Q1-hard,Q2-hard,Q3-hard
7/12/2016-0:54:6-te;1481086446494;;questionario.html;Q:1:H:1-1;;;
7/12/2016-0:54:6-te;[u'te;1481086344459;102035;Q:1:H:1-1']
7/12/2016-0:54:6-te;D1-hard;C1-hard;Q1-easy;
7/12/2016-0:54:6-te;Recomendacao(SENT): D1-hard;C1-hard;Q1-easy;;Questions (SENT): Q1-hard,Q2-hard,Q3-hard
7/12/2016-0:54:8-te;1481086448495;;questionario.html;Q:1:H:1-1;;;
7/12/2016-0:54:8-te;[u'te;1481086344459;104036;Q:1:H:1-1']
7/12/2016-0:54:8-te;D1-hard;C1-hard;Q1-easy;
7/12/2016-0:54:8-te;Recomendacao(SENT): D1-hard;C1-hard;Q1-easy;;Questions (SENT): Q1-hard,Q2-hard,Q3-hard
7/12/2016-0:54:10-te;1481086450496;;questionario.html;Q:1:H:1-1;;;
7/12/2016-0:54:10-te;[u'te;1481086344459;106037;Q:1:H:1-1']
7/12/2016-0:54:10-te;D1-hard;C1-hard;Q1-easy;
7/12/2016-0:54:10-te;Recomendacao(SENT): D1-hard;C1-hard;Q1-easy;;Questions (SENT): Q1-hard,Q2-hard,Q3-hard
7/12/2016-0:54:12-te;1481086452496;;questionario.html;Q:1:H:1-1;;;
7/12/2016-0:54:12-te;[u'te;1481086344459;108037;Q:1:H:1-1']
7/12/2016-0:54:12-te;D1-hard;C1-hard;Q1-easy;
7/12/2016-0:54:12-te;Recomendacao(SENT): D1-hard;C1-hard;Q1-easy;;Questions (SENT): Q1-hard,Q2-hard,Q3-hard
7/12/2016-0:54:14-te;1481086454497;;questionario.html;Q:1:H:1-1;;;
7/12/2016-0:54:14-te;[u'te;1481086344459;110038;Q:1:H:1-1']
7/12/2016-0:54:14-te;D1-hard;C1-hard;Q1-easy;
7/12/2016-0:54:14-te;Recomendacao(SENT): D1-hard;C1-hard;Q1-easy;;Questions (SENT): Q1-hard,Q2-hard,Q3-hard
7/12/2016-0:54:16-te;1481086456498;;questionario.html;Q:1:H:1-1;;;
7/12/2016-0:54:16-te;[u'te;1481086344459;112039;Q:1:H:1-1']
7/12/2016-0:54:16-te;D1-hard;C1-hard;Q1-easy;
7/12/2016-0:54:16-te;Recomendacao(SENT): D1-hard;C1-hard;Q1-easy;;Questions (SENT): Q1-hard,Q2-hard,Q3-hard
7/12/2016-0:54:18-te;1481086458499;;questionario.html;Q:1:H:1-1;;;
7/12/2016-0:54:18-te;[u'te;1481086344459;114040;Q:1:H:1-1']
7/12/2016-0:54:18-te;D1-hard;C1-hard;Q1-easy;
7/12/2016-0:54:18-te;Recomendacao(SENT): D1-hard;C1-hard;Q1-easy;;Questions (SENT): Q1-hard,Q2-hard,Q3-hard
7/12/2016-0:54:18-te;1481086458838;click;questionario.html;;body;173;585
7/12/2016-0:54:19-te;1481086459439;click;questionario.html;Q:1:H:1-1:B;input;219;355
7/12/2016-0:54:19-te;[u'te;1481086459439;0;Q:1:H:1-1:B']
7/12/2016-0:54:19-te;Recomendacao(SENT): D1-hard;C1-hard;Q1-easy;;Questions (SENT): Q1-hard,Q2-hard,Q3-hard
7/12/2016-0:54:19-te;1481086459742;click;questionario.html;Q:1:H:1-1:B;input;219;355
7/12/2016-0:54:19-te;[u'te;1481086459742;0;Q:1:H:1-1:B']
7/12/2016-0:54:19-te;Recomendacao(SENT): D1-hard;C1-hard;Q1-easy;;Questions (SENT): Q1-hard,Q2-hard,Q3-hard
7/12/2016-0:54:19-te;1481086459910;click;questionario.html;Q:1:H:1-1:B;input;219;355
7/12/2016-0:54:19-te;[u'te;1481086459910;0;Q:1:H:1-1:B']
7/12/2016-0:54:19-te;Recomendacao(SENT): D1-hard;C1-hard;Q1-easy;;Questions (SENT): Q1-hard,Q2-hard,Q3-hard
7/12/2016-0:54:20-te;1481086460919;click;questionario.html;D:1:H:1-1 btn btn-info btn-lg;button;401;490
7/12/2016-0:54:22-te;1481086462919;;questionario.html;D:1:H:1-1 btn btn-info btn-lg;;;
7/12/2016-0:54:24-te;1481086464920;;questionario.html;D:1:H:1-1 btn btn-info btn-lg;;;
7/12/2016-0:54:26-te;1481086466921;;questionario.html;D:1:H:1-1 btn btn-info btn-lg;;;
7/12/2016-0:54:28-te;1481086468922;;questionario.html;D:1:H:1-1 btn btn-info btn-lg;;;
7/12/2016-0:54:30-te;1481086470923;;questionario.html;D:1:H:1-1 btn btn-info btn-lg;;;
7/12/2016-0:54:32-te;1481086472188;click;questionario.html;Q:1:H:1-1 btn btn-info btn-lg;div;869;501
7/12/2016-0:54:32-te;[u'te;1481086472188;0;Q:1:H:1-1 btn btn-info btn-lg']
7/12/2016-0:54:32-te;Recomendacao(SENT): D1-hard;C1-hard;Q1-easy;;Questions (SENT): Q1-hard,Q2-hard,Q3-hard
7/12/2016-0:54:34-te;1481086474188;;questionario.html;Q:1:H:1-1 btn btn-info btn-lg;;;
7/12/2016-0:54:34-te;[u'te;1481086472188;2000;Q:1:H:1-1 btn btn-info btn-lg']
7/12/2016-0:54:34-te;Recomendacao(SENT): D1-hard;C1-hard;Q1-easy;;Questions (SENT): Q1-hard,Q2-hard,Q3-hard
7/12/2016-0:54:36-te;1481086476189;;questionario.html;Q:1:H:1-1 btn btn-info btn-lg;;;
7/12/2016-0:54:36-te;[u'te;1481086472188;4001;Q:1:H:1-1 btn btn-info btn-lg']
7/12/2016-0:54:36-te;Recomendacao(SENT): D1-hard;C1-hard;Q1-easy;;Questions (SENT): Q1-hard,Q2-hard,Q3-hard
7/12/2016-0:54:38-te;1481086478190;;questionario.html;Q:1:H:1-1 btn btn-info btn-lg;;;
7/12/2016-0:54:38-te;[u'te;1481086472188;6002;Q:1:H:1-1 btn btn-info btn-lg']
7/12/2016-0:54:38-te;Recomendacao(SENT): D1-hard;C1-hard;Q1-easy;;Questions (SENT): Q1-hard,Q2-hard,Q3-hard
7/12/2016-0:54:40-te;1481086480191;;questionario.html;Q:1:H:1-1 btn btn-info btn-lg;;;
7/12/2016-0:54:40-te;[u'te;1481086472188;8003;Q:1:H:1-1 btn btn-info btn-lg']
7/12/2016-0:54:40-te;Recomendacao(SENT): D1-hard;C1-hard;Q1-easy;;Questions (SENT): Q1-hard,Q2-hard,Q3-hard
7/12/2016-0:54:42-te;1481086482192;;questionario.html;Q:1:H:1-1 btn btn-info btn-lg;;;
7/12/2016-0:54:42-te;[u'te;1481086472188;10004;Q:1:H:1-1 btn btn-info btn-lg']
7/12/2016-0:54:42-te;Recomendacao(SENT): D1-hard;C1-hard;Q1-easy;;Questions (SENT): Q1-hard,Q2-hard,Q3-hard
7/12/2016-0:54:44-te;1481086484193;;questionario.html;Q:1:H:1-1 btn btn-info btn-lg;;;
7/12/2016-0:54:44-te;[u'te;1481086472188;12005;Q:1:H:1-1 btn btn-info btn-lg']
7/12/2016-0:54:44-te;Recomendacao(SENT): D1-hard;C1-hard;Q1-easy;;Questions (SENT): Q1-hard,Q2-hard,Q3-hard
7/12/2016-0:54:46-te;1481086486194;;questionario.html;Q:1:H:1-1 btn btn-info btn-lg;;;
7/12/2016-0:54:46-te;[u'te;1481086472188;14006;Q:1:H:1-1 btn btn-info btn-lg']
7/12/2016-0:54:46-te;Recomendacao(SENT): D1-hard;C1-hard;Q1-easy;;Questions (SENT): Q1-hard,Q2-hard,Q3-hard
7/12/2016-0:54:48-te;1481086488195;;questionario.html;Q:1:H:1-1 btn btn-info btn-lg;;;
7/12/2016-0:54:48-te;[u'te;1481086472188;16007;Q:1:H:1-1 btn btn-info btn-lg']
7/12/2016-0:54:48-te;Recomendacao(SENT): D1-hard;C1-hard;Q1-easy;;Questions (SENT): Q1-hard,Q2-hard,Q3-hard
7/12/2016-0:54:50-te;1481086490195;;questionario.html;Q:1:H:1-1 btn btn-info btn-lg;;;
7/12/2016-0:54:50-te;[u'te;1481086472188;18007;Q:1:H:1-1 btn btn-info btn-lg']
7/12/2016-0:54:50-te;Recomendacao(SENT): D1-hard;C1-hard;Q1-easy;;Questions (SENT): Q1-hard,Q2-hard,Q3-hard
7/12/2016-0:54:52-te;1481086492196;;questionario.html;Q:1:H:1-1 btn btn-info btn-lg;;;
7/12/2016-0:54:52-te;[u'te;1481086472188;20008;Q:1:H:1-1 btn btn-info btn-lg']
7/12/2016-0:54:52-te;Recomendacao(SENT): D1-hard;C1-hard;Q1-easy;;Questions (SENT): Q1-hard,Q2-hard,Q3-hard
7/12/2016-0:54:54-te;1481086494197;;questionario.html;Q:1:H:1-1 btn btn-info btn-lg;;;
7/12/2016-0:54:54-te;[u'te;1481086472188;22009;Q:1:H:1-1 btn btn-info btn-lg']
7/12/2016-0:54:54-te;Recomendacao(SENT): D1-hard;C1-hard;Q1-easy;;Questions (SENT): Q1-hard,Q2-hard,Q3-hard
7/12/2016-0:54:55-te;1481086495510;click;questionario.html;Q:2:H:1-2 list-group-item;a;63;194
7/12/2016-0:54:55-te;[u'te;1481086495510;0;Q:2:H:1-2 list-group-item']
7/12/2016-0:54:55-te;Recomendacao(SENT): Q2-hard;Questions (SENT): Q1-hard,Q2-hard,Q3-hard
7/12/2016-0:54:55-te;1481086495719;click;questionario.html;Q:2:H:1-2 list-group-item;a;63;194
7/12/2016-0:54:55-te;[u'te;1481086495719;0;Q:2:H:1-2 list-group-item']
7/12/2016-0:54:55-te;Recomendacao(SENT): Q2-hard;Questions (SENT): Q1-hard,Q2-hard,Q3-hard
7/12/2016-0:54:55-te;1481086495889;click;questionario.html;Q:2:H:1-2 list-group-item;a;63;194
7/12/2016-0:54:55-te;[u'te;1481086495889;0;Q:2:H:1-2 list-group-item']
7/12/2016-0:54:55-te;Recomendacao(SENT): Q2-hard;Questions (SENT): Q1-hard,Q2-hard,Q3-hard
7/12/2016-0:54:57-te;1481086497241;click;questionario.html;Q:3:H:1-3 list-group-item;a;137;251
7/12/2016-0:54:57-te;[u'te;1481086497241;0;Q:3:H:1-3 list-group-item']
7/12/2016-0:54:57-te;Recomendacao(SENT): Q3-hard;Questions (SENT): Q1-hard,Q2-hard,Q3-hard
7/12/2016-0:54:57-te;1481086497401;click;questionario.html;Q:3:H:1-3 list-group-item;a;137;251
7/12/2016-0:54:57-te;[u'te;1481086497401;0;Q:3:H:1-3 list-group-item']
7/12/2016-0:54:57-te;Recomendacao(SENT): Q3-hard;Questions (SENT): Q1-hard,Q2-hard,Q3-hard
7/12/2016-0:54:57-te;1481086497577;click;questionario.html;Q:3:H:1-3 list-group-item;a;137;251
7/12/2016-0:54:57-te;[u'te;1481086497577;0;Q:3:H:1-3 list-group-item']
7/12/2016-0:54:57-te;Recomendacao(SENT): Q3-hard;Questions (SENT): Q1-hard,Q2-hard,Q3-hard
7/12/2016-0:54:57-te;1481086497745;click;questionario.html;Q:3:H:1-3 list-group-item;a;137;251
7/12/2016-0:54:57-te;[u'te;1481086497745;0;Q:3:H:1-3 list-group-item']
7/12/2016-0:54:57-te;Recomendacao(SENT): Q3-hard;Questions (SENT): Q1-hard,Q2-hard,Q3-hard
7/12/2016-0:54:59-te;1481086499745;;questionario.html;Q:3:H:1-3 list-group-item;;;
7/12/2016-0:54:59-te;[u'te;1481086497745;2000;Q:3:H:1-3 list-group-item']
7/12/2016-0:54:59-te;Recomendacao(SENT): Q3-hard;Questions (SENT): Q1-hard,Q2-hard,Q3-hard
7/12/2016-0:55:1-te;1481086501745;;questionario.html;Q:3:H:1-3 list-group-item;;;
7/12/2016-0:55:1-te;[u'te;1481086497745;4000;Q:3:H:1-3 list-group-item']
7/12/2016-0:55:1-te;Recomendacao(SENT): Q3-hard;Questions (SENT): Q1-hard,Q2-hard,Q3-hard
7/12/2016-0:55:3-te;1481086503745;;questionario.html;Q:3:H:1-3 list-group-item;;;
7/12/2016-0:55:3-te;[u'te;1481086497745;6000;Q:3:H:1-3 list-group-item']
7/12/2016-0:55:3-te;Recomendacao(SENT): Q3-hard;Questions (SENT): Q1-hard,Q2-hard,Q3-hard
7/12/2016-0:55:5-te;1481086505746;;questionario.html;Q:3:H:1-3 list-group-item;;;
7/12/2016-0:55:5-te;[u'te;1481086497745;8001;Q:3:H:1-3 list-group-item']
7/12/2016-0:55:5-te;Recomendacao(SENT): Q3-hard;Questions (SENT): Q1-hard,Q2-hard,Q3-hard
7/12/2016-0:55:7-te;1481086507747;;questionario.html;Q:3:H:1-3 list-group-item;;;
7/12/2016-0:55:7-te;[u'te;1481086497745;10002;Q:3:H:1-3 list-group-item']
7/12/2016-0:55:7-te;Recomendacao(SENT): Q3-hard;Questions (SENT): Q1-hard,Q2-hard,Q3-hard
7/12/2016-0:55:9-te;1481086509747;;questionario.html;Q:3:H:1-3 list-group-item;;;
7/12/2016-0:55:9-te;[u'te;1481086497745;12002;Q:3:H:1-3 list-group-item']
7/12/2016-0:55:9-te;Recomendacao(SENT): Q3-hard;Questions (SENT): Q1-hard,Q2-hard,Q3-hard
7/12/2016-0:55:11-te;1481086511748;;questionario.html;Q:3:H:1-3 list-group-item;;;
7/12/2016-0:55:11-te;[u'te;1481086497745;14003;Q:3:H:1-3 list-group-item']
7/12/2016-0:55:11-te;Recomendacao(SENT): Q3-hard;Questions (SENT): Q1-hard,Q2-hard,Q3-hard
7/12/2016-0:55:13-te;1481086513839;;index.html;;;;
7/12/2016-0:55:15-te;1481086515839;;index.html;;;;
7/12/2016-0:55:17-te;1481086517840;;index.html;;;;
7/12/2016-0:55:19-te;1481086519840;;index.html;;;;
7/12/2016-0:55:21-te;1481086521841;;index.html;;;;
7/12/2016-0:55:23-te;1481086523842;;index.html;;;;
7/12/2016-0:55:25-te;1481086525843;;index.html;;;;
7/12/2016-0:55:27-te;1481086527844;;index.html;;;;
7/12/2016-0:55:29-te;1481086529845;;index.html;;;;
7/12/2016-0:55:31-te;1481086531846;;index.html;;;;
7/12/2016-0:55:33-te;1481086533846;;index.html;;;;
7/12/2016-0:55:35-te;1481086535847;;index.html;;;;
7/12/2016-0:55:37-te;1481086537847;;index.html;;;;
7/12/2016-0:55:39-te;1481086539848;;index.html;;;;
7/12/2016-0:55:41-te;1481086541849;;index.html;;;;
7/12/2016-0:55:43-te;1481086543850;;index.html;;;;
7/12/2016-0:55:45-te;1481086545851;;index.html;;;;
7/12/2016-0:55:47-te;1481086547669;click;index.html;item;a;194;387
7/12/2016-0:55:50-te;1481086550008;;1-1.html;;;;
7/12/2016-0:55:52-te;1481086552008;;1-1.html;;;;
7/12/2016-0:55:54-te;1481086554008;;1-1.html;;;;
7/12/2016-0:55:56-te;1481086556009;;1-1.html;;;;
7/12/2016-0:55:58-te;1481086558010;;1-1.html;;;;
7/12/2016-0:56:0-te;1481086560011;;1-1.html;;;;
7/12/2016-0:56:2-te;1481086562011;;1-1.html;;;;
7/12/2016-0:56:4-te;1481086564012;;1-1.html;;;;
